lat,lon,probability
18.0,76.0,0.5769
18.0,76.25,0.5677
18.0,76.5,0.7444
18.0,76.75,0.6352
18.0,77.0,0.4834
18.0,77.25,0.5403
18.0,77.5,0.5691
18.0,77.75,0.2447
18.0,78.0,0.7064
18.0,78.25,0.6266
18.0,78.5,0.7432
18.0,78.75,0.5954
18.0,79.0,0.8416
18.0,79.25,0.7615
18.0,79.5,0.8229
18.0,79.75,0.7012
18.0,80.0,0.6066
18.0,80.25,0.9064
18.0,80.5,0.7223
18.0,80.75,0.3792
18.0,81.0,0.7011
18.0,81.25,0.8926
18.0,81.5,0.8457
18.0,81.75,0.7693
18.0,82.0,0.9692
18.0,82.25,0.9523
18.0,82.5,0.9159
18.0,82.75,0.993
18.0,83.0,0.7123
18.0,83.25,0.667
18.0,83.5,0.7168
18.0,83.75,0.2624
18.25,76.0,0.6816
18.25,76.25,0.5927
18.25,76.5,0.6161
18.25,76.75,0.3252
18.25,77.0,0.3128
18.25,77.25,0.446
18.25,77.5,0.5638
18.25,77.75,0.6972
18.25,78.0,0.8584
18.25,78.25,0.6801
18.25,78.5,0.6223
18.25,78.75,0.6716
18.25,79.0,0.6602
18.25,79.25,0.7582
18.25,79.5,0.6308
18.25,79.75,0.6962
18.25,80.0,0.8195
18.25,80.25,0.6631
18.25,80.5,0.811
18.25,80.75,0.8174
18.25,81.0,0.813
18.25,81.25,0.7819
18.25,81.5,0.8152
18.25,81.75,0.9532
18.25,82.0,0.6873
18.25,82.25,0.9032
18.25,82.5,0.9135
18.25,82.75,0.9078
18.25,83.0,0.8975
18.25,83.25,0.9575
18.25,83.5,0.7257
18.25,83.75,0.7195
18.5,76.0,0.4907
18.5,76.25,0.4082
18.5,76.5,0.7674
18.5,76.75,0.5013
18.5,77.0,0.5942
18.5,77.25,0.4847
18.5,77.5,0.6175
18.5,77.75,0.8898
18.5,78.0,0.7134
18.5,78.25,0.8633
18.5,78.5,0.7888
18.5,78.75,0.7874
18.5,79.0,0.8337
18.5,79.25,0.774
18.5,79.5,0.8334
18.5,79.75,0.6812
18.5,80.0,0.6173
18.5,80.25,0.4881
18.5,80.5,0.7575
18.5,80.75,0.9251
18.5,81.0,0.814
18.5,81.25,0.9975
18.5,81.5,0.937
18.5,81.75,0.7881
18.5,82.0,0.8757
18.5,82.25,0.7107
18.5,82.5,0.962
18.5,82.75,0.9232
18.5,83.0,0.9424
18.5,83.25,0.7984
18.5,83.5,0.7251
18.5,83.75,0.8472
18.75,76.0,0.6174
18.75,76.25,0.4592
18.75,76.5,0.5633
18.75,76.75,0.7578
18.75,77.0,0.6091
18.75,77.25,0.7368
18.75,77.5,0.6084
18.75,77.75,0.7238
18.75,78.0,0.8988
18.75,78.25,0.7492
18.75,78.5,0.6158
18.75,78.75,0.7805
18.75,79.0,0.8498
18.75,79.25,0.6528
18.75,79.5,0.798
18.75,79.75,0.7953
18.75,80.0,0.7477
18.75,80.25,0.7841
18.75,80.5,0.702
18.75,80.75,0.7585
18.75,81.0,0.9353
18.75,81.25,0.99
18.75,81.5,0.9565
18.75,81.75,0.6403
18.75,82.0,0.9891
18.75,82.25,0.9891
18.75,82.5,0.7689
18.75,82.75,0.5902
18.75,83.0,0.9005
18.75,83.25,0.8762
18.75,83.5,0.9439
18.75,83.75,0.9572
19.0,76.0,0.7441
19.0,76.25,0.7806
19.0,76.5,0.6387
19.0,76.75,0.6469
19.0,77.0,0.5558
19.0,77.25,0.4678
19.0,77.5,0.6862
19.0,77.75,0.6265
19.0,78.0,0.8227
19.0,78.25,0.5668
19.0,78.5,0.9493
19.0,78.75,0.6425
19.0,79.0,0.6223
19.0,79.25,0.9042
19.0,79.5,0.6081
19.0,79.75,0.923
19.0,80.0,0.7012
19.0,80.25,0.8647
19.0,80.5,0.5582
19.0,80.75,0.9885
19.0,81.0,0.8281
19.0,81.25,0.8877
19.0,81.5,0.9209
19.0,81.75,0.564
19.0,82.0,0.7979
19.0,82.25,0.6693
19.0,82.5,0.8591
19.0,82.75,0.8846
19.0,83.0,0.9861
19.0,83.25,0.9757
19.0,83.5,0.9648
19.0,83.75,0.9611
19.25,76.0,0.5927
19.25,76.25,0.6377
19.25,76.5,0.5904
19.25,76.75,0.7014
19.25,77.0,0.6313
19.25,77.25,0.6743
19.25,77.5,0.6153
19.25,77.75,0.5915
19.25,78.0,0.5339
19.25,78.25,0.6718
19.25,78.5,0.6519
19.25,78.75,0.7079
19.25,79.0,0.5377
19.25,79.25,0.8916
19.25,79.5,0.5061
19.25,79.75,0.7695
19.25,80.0,0.789
19.25,80.25,0.8959
19.25,80.5,0.9043
19.25,80.75,0.9162
19.25,81.0,1.0
19.25,81.25,0.9831
19.25,81.5,0.9093
19.25,81.75,0.8792
19.25,82.0,0.8112
19.25,82.25,0.7965
19.25,82.5,0.8708
19.25,82.75,0.7303
19.25,83.0,0.6295
19.25,83.25,0.9831
19.25,83.5,0.926
19.25,83.75,0.8707
19.5,76.0,0.5278
19.5,76.25,0.3133
19.5,76.5,0.7109
19.5,76.75,0.7178
19.5,77.0,0.5162
19.5,77.25,0.5384
19.5,77.5,0.6895
19.5,77.75,0.669
19.5,78.0,0.4823
19.5,78.25,0.6914
19.5,78.5,0.6659
19.5,78.75,0.6761
19.5,79.0,0.5749
19.5,79.25,0.8065
19.5,79.5,0.7559
19.5,79.75,0.5664
19.5,80.0,0.6099
19.5,80.25,0.6115
19.5,80.5,0.8737
19.5,80.75,0.9626
19.5,81.0,0.9629
19.5,81.25,0.9885
19.5,81.5,0.8944
19.5,81.75,0.9807
19.5,82.0,0.8686
19.5,82.25,0.7321
19.5,82.5,0.7503
19.5,82.75,0.6713
19.5,83.0,0.974
19.5,83.25,0.5682
19.5,83.5,0.8653
19.5,83.75,0.8951
19.75,76.0,0.7969
19.75,76.25,0.503
19.75,76.5,0.4569
19.75,76.75,0.5803
19.75,77.0,0.6097
19.75,77.25,0.2229
19.75,77.5,0.6124
19.75,77.75,0.5666
19.75,78.0,0.2088
19.75,78.25,0.8052
19.75,78.5,0.859
19.75,78.75,0.663
19.75,79.0,0.7307
19.75,79.25,0.7398
19.75,79.5,0.6276
19.75,79.75,0.7481
19.75,80.0,0.823
19.75,80.25,0.9936
19.75,80.5,0.949
19.75,80.75,0.9539
19.75,81.0,0.731
19.75,81.25,0.9684
19.75,81.5,0.8233
19.75,81.75,0.976
19.75,82.0,0.6046
19.75,82.25,0.8976
19.75,82.5,1.0
19.75,82.75,0.9001
19.75,83.0,0.9003
19.75,83.25,0.9485
19.75,83.5,0.9551
19.75,83.75,0.9212
20.0,76.0,0.6841
20.0,76.25,0.7204
20.0,76.5,0.6136
20.0,76.75,0.485
20.0,77.0,0.7432
20.0,77.25,0.3817
20.0,77.5,0.8243
20.0,77.75,0.6806
20.0,78.0,0.7606
20.0,78.25,0.6251
20.0,78.5,0.642
20.0,78.75,0.6532
20.0,79.0,0.37
20.0,79.25,0.7011
20.0,79.5,0.7394
20.0,79.75,0.664
20.0,80.0,0.7479
20.0,80.25,0.9062
20.0,80.5,0.9306
20.0,80.75,0.9138
20.0,81.0,0.9041
20.0,81.25,0.9809
20.0,81.5,0.7089
20.0,81.75,0.7225
20.0,82.0,0.645
20.0,82.25,0.7787
20.0,82.5,0.7664
20.0,82.75,0.9738
20.0,83.0,0.9272
20.0,83.25,0.9137
20.0,83.5,0.9781
20.0,83.75,0.9341
20.25,76.0,0.5607
20.25,76.25,0.6868
20.25,76.5,0.6945
20.25,76.75,0.7309
20.25,77.0,0.4867
20.25,77.25,0.704
20.25,77.5,0.7818
20.25,77.75,0.7099
20.25,78.0,0.6273
20.25,78.25,0.8186
20.25,78.5,0.6347
20.25,78.75,0.6057
20.25,79.0,0.595
20.25,79.25,0.5874
20.25,79.5,0.9255
20.25,79.75,0.666
20.25,80.0,0.7685
20.25,80.25,0.8512
20.25,80.5,0.7907
20.25,80.75,0.985
20.25,81.0,0.9806
20.25,81.25,0.9479
20.25,81.5,0.914
20.25,81.75,0.8302
20.25,82.0,0.8142
20.25,82.25,0.926
20.25,82.5,0.8469
20.25,82.75,0.6794
20.25,83.0,0.7457
20.25,83.25,0.8293
20.25,83.5,0.7467
20.25,83.75,0.9964
20.5,76.0,0.4285
20.5,76.25,0.5694
20.5,76.5,0.6795
20.5,76.75,0.7585
20.5,77.0,0.7795
20.5,77.25,0.8189
20.5,77.5,0.5829
20.5,77.75,0.6037
20.5,78.0,0.5664
20.5,78.25,0.702
20.5,78.5,0.7438
20.5,78.75,0.646
20.5,79.0,0.6376
20.5,79.25,0.744
20.5,79.5,0.5318
20.5,79.75,0.6773
20.5,80.0,0.6977
20.5,80.25,0.7491
20.5,80.5,0.928
20.5,80.75,0.8975
20.5,81.0,0.7644
20.5,81.25,0.9274
20.5,81.5,0.8869
20.5,81.75,0.9071
20.5,82.0,0.7439
20.5,82.25,0.9514
20.5,82.5,0.6435
20.5,82.75,0.9022
20.5,83.0,0.8977
20.5,83.25,0.7393
20.5,83.5,0.8106
20.5,83.75,0.7352
20.75,76.0,0.6091
20.75,76.25,0.7112
20.75,76.5,0.7801
20.75,76.75,0.7664
20.75,77.0,0.7249
20.75,77.25,0.6823
20.75,77.5,0.7813
20.75,77.75,0.7253
20.75,78.0,0.8006
20.75,78.25,0.6961
20.75,78.5,0.7239
20.75,78.75,0.674
20.75,79.0,0.6824
20.75,79.25,0.8872
20.75,79.5,0.6133
20.75,79.75,0.7643
20.75,80.0,0.7698
20.75,80.25,0.9237
20.75,80.5,0.8918
20.75,80.75,0.9099
20.75,81.0,0.9805
20.75,81.25,0.8513
20.75,81.5,0.9454
20.75,81.75,0.8248
20.75,82.0,0.8159
20.75,82.25,0.9889
20.75,82.5,0.9866
20.75,82.75,0.9809
20.75,83.0,0.8881
20.75,83.25,0.8719
20.75,83.5,0.7003
20.75,83.75,0.7286
21.0,76.0,0.6661
21.0,76.25,0.5676
21.0,76.5,0.674
21.0,76.75,0.7279
21.0,77.0,0.738
21.0,77.25,0.7806
21.0,77.5,0.7669
21.0,77.75,0.7044
21.0,78.0,0.6861
21.0,78.25,0.6929
21.0,78.5,0.9552
21.0,78.75,0.957
21.0,79.0,0.5935
21.0,79.25,0.6228
21.0,79.5,0.6788
21.0,79.75,0.8042
21.0,80.0,0.8123
21.0,80.25,0.9205
21.0,80.5,0.8926
21.0,80.75,0.8842
21.0,81.0,0.8417
21.0,81.25,0.8644
21.0,81.5,0.9302
21.0,81.75,0.7582
21.0,82.0,0.8391
21.0,82.25,0.876
21.0,82.5,0.9732
21.0,82.75,0.954
21.0,83.0,0.8413
21.0,83.25,0.7724
21.0,83.5,0.681
21.0,83.75,0.5862
21.25,76.0,0.6348
21.25,76.25,0.6542
21.25,76.5,0.6143
21.25,76.75,0.9142
21.25,77.0,0.988
21.25,77.25,0.693
21.25,77.5,0.6737
21.25,77.75,0.596
21.25,78.0,0.6678
21.25,78.25,0.5979
21.25,78.5,0.8026
21.25,78.75,0.7244
21.25,79.0,0.7163
21.25,79.25,0.7724
21.25,79.5,0.8571
21.25,79.75,0.9056
21.25,80.0,0.9719
21.25,80.25,0.9391
21.25,80.5,0.9719
21.25,80.75,0.9752
21.25,81.0,0.8798
21.25,81.25,0.7375
21.25,81.5,0.7898
21.25,81.75,0.8299
21.25,82.0,0.8142
21.25,82.25,0.8216
21.25,82.5,0.8787
21.25,82.75,0.9243
21.25,83.0,0.7265
21.25,83.25,0.9404
21.25,83.5,0.8655
21.25,83.75,0.44
21.5,76.0,0.2829
21.5,76.25,0.6466
21.5,76.5,0.695
21.5,76.75,0.7906
21.5,77.0,0.63
21.5,77.25,0.9663
21.5,77.5,0.9343
21.5,77.75,0.7467
21.5,78.0,0.8853
21.5,78.25,0.68
21.5,78.5,0.6187
21.5,78.75,0.625
21.5,79.0,0.9602
21.5,79.25,0.9449
21.5,79.5,0.8641
21.5,79.75,0.9456
21.5,80.0,0.8719
21.5,80.25,0.9573
21.5,80.5,0.9846
21.5,80.75,0.9303
21.5,81.0,0.8867
21.5,81.25,0.8891
21.5,81.5,0.782
21.5,81.75,0.9319
21.5,82.0,0.7888
21.5,82.25,0.6155
21.5,82.5,0.7985
21.5,82.75,0.8879
21.5,83.0,0.9158
21.5,83.25,0.6801
21.5,83.5,0.6489
21.5,83.75,0.9463
21.75,76.0,0.908
21.75,76.25,0.7318
21.75,76.5,0.8164
21.75,76.75,0.7072
21.75,77.0,0.7747
21.75,77.25,0.8414
21.75,77.5,0.6563
21.75,77.75,0.6141
21.75,78.0,0.8054
21.75,78.25,0.4738
21.75,78.5,0.7706
21.75,78.75,0.9399
21.75,79.0,0.9291
21.75,79.25,0.9221
21.75,79.5,0.8536
21.75,79.75,0.9053
21.75,80.0,0.9522
21.75,80.25,0.9106
21.75,80.5,0.9983
21.75,80.75,0.9786
21.75,81.0,0.8825
21.75,81.25,0.8423
21.75,81.5,0.8109
21.75,81.75,0.8209
21.75,82.0,0.8545
21.75,82.25,0.6826
21.75,82.5,0.7204
21.75,82.75,0.858
21.75,83.0,0.755
21.75,83.25,0.8633
21.75,83.5,0.7004
21.75,83.75,0.9616
22.0,76.0,0.7782
22.0,76.25,0.7541
22.0,76.5,0.725
22.0,76.75,0.6915
22.0,77.0,0.7155
22.0,77.25,0.9641
22.0,77.5,0.685
22.0,77.75,0.9593
22.0,78.0,0.9328
22.0,78.25,0.9798
22.0,78.5,0.8845
22.0,78.75,0.5503
22.0,79.0,0.7975
22.0,79.25,0.6433
22.0,79.5,0.6298
22.0,79.75,0.7846
22.0,80.0,0.9757
22.0,80.25,0.9578
22.0,80.5,0.9729
22.0,80.75,0.8446
22.0,81.0,0.932
22.0,81.25,0.9328
22.0,81.5,0.9382
22.0,81.75,0.8512
22.0,82.0,0.9231
22.0,82.25,0.7514
22.0,82.5,0.7761
22.0,82.75,0.859
22.0,83.0,0.7246
22.0,83.25,0.9604
22.0,83.5,0.8905
22.0,83.75,0.9079
22.25,76.0,0.6058
22.25,76.25,0.8597
22.25,76.5,0.4866
22.25,76.75,0.5103
22.25,77.0,0.7174
22.25,77.25,0.9497
22.25,77.5,0.8606
22.25,77.75,0.7707
22.25,78.0,0.7742
22.25,78.25,0.748
22.25,78.5,0.9661
22.25,78.75,0.8208
22.25,79.0,0.6826
22.25,79.25,0.6476
22.25,79.5,0.8681
22.25,79.75,0.7078
22.25,80.0,0.9555
22.25,80.25,0.9536
22.25,80.5,0.9729
22.25,80.75,0.9829
22.25,81.0,0.9883
22.25,81.25,0.7375
22.25,81.5,0.8617
22.25,81.75,0.8391
22.25,82.0,0.7709
22.25,82.25,0.9327
22.25,82.5,0.9035
22.25,82.75,0.9198
22.25,83.0,0.9241
22.25,83.25,0.9959
22.25,83.5,0.9577
22.25,83.75,0.7394
22.5,76.0,0.7192
22.5,76.25,0.4971
22.5,76.5,0.8845
22.5,76.75,0.6683
22.5,77.0,0.7445
22.5,77.25,0.9319
22.5,77.5,0.9782
22.5,77.75,0.974
22.5,78.0,0.7828
22.5,78.25,0.9738
22.5,78.5,0.99
22.5,78.75,0.4196
22.5,79.0,0.7253
22.5,79.25,0.9493
22.5,79.5,0.7517
22.5,79.75,0.3527
22.5,80.0,0.7307
22.5,80.25,0.7233
22.5,80.5,0.8772
22.5,80.75,0.6469
22.5,81.0,0.6882
22.5,81.25,0.9815
22.5,81.5,0.9705
22.5,81.75,1.0
22.5,82.0,0.9014
22.5,82.25,0.585
22.5,82.5,0.9017
22.5,82.75,0.9707
22.5,83.0,0.8028
22.5,83.25,0.9574
22.5,83.5,0.85
22.5,83.75,0.9589
22.75,76.0,0.832
22.75,76.25,0.6596
22.75,76.5,0.8054
22.75,76.75,0.6425
22.75,77.0,0.774
22.75,77.25,0.8815
22.75,77.5,0.8768
22.75,77.75,0.8662
22.75,78.0,0.9513
22.75,78.25,0.9303
22.75,78.5,0.9023
22.75,78.75,0.9001
22.75,79.0,0.9882
22.75,79.25,0.8153
22.75,79.5,0.732
22.75,79.75,0.7996
22.75,80.0,0.9338
22.75,80.25,0.9256
22.75,80.5,0.9392
22.75,80.75,0.7389
22.75,81.0,0.8823
22.75,81.25,0.9632
22.75,81.5,0.68
22.75,81.75,0.9434
22.75,82.0,0.8731
22.75,82.25,0.8411
22.75,82.5,0.9644
22.75,82.75,0.8437
22.75,83.0,0.9972
22.75,83.25,0.906
22.75,83.5,0.666
22.75,83.75,0.9982
23.0,76.0,0.8866
23.0,76.25,0.8101
23.0,76.5,0.8837
23.0,76.75,0.8595
23.0,77.0,0.7072
23.0,77.25,0.6862
23.0,77.5,0.735
23.0,77.75,0.8713
23.0,78.0,0.9782
23.0,78.25,0.8765
23.0,78.5,0.8531
23.0,78.75,0.9284
23.0,79.0,0.8045
23.0,79.25,0.9786
23.0,79.5,0.7958
23.0,79.75,0.7281
23.0,80.0,0.7373
23.0,80.25,0.7411
23.0,80.5,0.514
23.0,80.75,0.754
23.0,81.0,0.7406
23.0,81.25,0.8709
23.0,81.5,0.908
23.0,81.75,0.9518
23.0,82.0,0.8656
23.0,82.25,0.972
23.0,82.5,0.9498
23.0,82.75,0.8331
23.0,83.0,0.8578
23.0,83.25,0.8631
23.0,83.5,0.9049
23.0,83.75,0.9761
23.25,76.0,0.7482
23.25,76.25,0.784
23.25,76.5,0.6532
23.25,76.75,0.924
23.25,77.0,0.8549
23.25,77.25,0.8975
23.25,77.5,0.8844
23.25,77.75,0.9138
23.25,78.0,0.7869
23.25,78.25,0.9307
23.25,78.5,0.8197
23.25,78.75,0.5735
23.25,79.0,0.8842
23.25,79.25,0.777
23.25,79.5,0.8338
23.25,79.75,0.8961
23.25,80.0,0.9602
23.25,80.25,0.9052
23.25,80.5,0.7146
23.25,80.75,0.852
23.25,81.0,0.9828
23.25,81.25,0.8334
23.25,81.5,0.9384
23.25,81.75,0.9849
23.25,82.0,0.9761
23.25,82.25,0.8314
23.25,82.5,0.9105
23.25,82.75,0.8279
23.25,83.0,0.9329
23.25,83.25,0.7628
23.25,83.5,0.9873
23.25,83.75,0.7297
23.5,76.0,0.7078
23.5,76.25,0.7644
23.5,76.5,0.7224
23.5,76.75,0.686
23.5,77.0,0.7119
23.5,77.25,0.7549
23.5,77.5,0.8247
23.5,77.75,0.8214
23.5,78.0,0.6521
23.5,78.25,0.7759
23.5,78.5,0.6601
23.5,78.75,0.8523
23.5,79.0,0.9365
23.5,79.25,0.572
23.5,79.5,0.7163
23.5,79.75,0.8877
23.5,80.0,0.9816
23.5,80.25,0.9034
23.5,80.5,0.9779
23.5,80.75,0.8197
23.5,81.0,0.7776
23.5,81.25,0.7138
23.5,81.5,0.9761
23.5,81.75,0.8339
23.5,82.0,0.9972
23.5,82.25,0.9439
23.5,82.5,0.9321
23.5,82.75,0.7412
23.5,83.0,0.9706
23.5,83.25,0.9109
23.5,83.5,0.99
23.5,83.75,0.919
23.75,76.0,0.6934
23.75,76.25,0.7377
23.75,76.5,0.7304
23.75,76.75,0.6575
23.75,77.0,0.6912
23.75,77.25,0.73
23.75,77.5,0.8324
23.75,77.75,0.7083
23.75,78.0,0.7239
23.75,78.25,0.6906
23.75,78.5,0.7622
23.75,78.75,0.7576
23.75,79.0,0.6774
23.75,79.25,0.7322
23.75,79.5,0.6266
23.75,79.75,0.7452
23.75,80.0,0.9748
23.75,80.25,0.9608
23.75,80.5,0.907
23.75,80.75,0.6861
23.75,81.0,0.9176
23.75,81.25,0.8305
23.75,81.5,0.3872
23.75,81.75,0.748
23.75,82.0,0.6992
23.75,82.25,0.8731
23.75,82.5,0.938
23.75,82.75,0.9023
23.75,83.0,0.9284
23.75,83.25,0.7386
23.75,83.5,0.9977
23.75,83.75,0.8324
